<?xml version="1.0" encoding="UTF-8"?>
<project-private xmlns="http://www.netbeans.org/ns/project-private/1">
    <editor-bookmarks xmlns="http://www.netbeans.org/ns/editor-bookmarks/2" lastBookmarkId="0"/>
    <open-files xmlns="http://www.netbeans.org/ns/projectui-open-files/2">
        <group>
            <file>file:/D:/Nancy%20Mazariegos%20Primary/2020UVG/Digital2/PICCodigos/Laboratorio5S2.X/ADC1.h</file>
            <file>file:/D:/Nancy%20Mazariegos%20Primary/2020UVG/Digital2/PICCodigos/Laboratorio5S2.X/I2CTemp.c</file>
            <file>file:/D:/Nancy%20Mazariegos%20Primary/2020UVG/Digital2/PICCodigos/Laboratorio5S2.X/ADC1.c</file>
            <file>file:/D:/Nancy%20Mazariegos%20Primary/2020UVG/Digital2/PICCodigos/Laboratorio5S2.X/TempMain.c</file>
        </group>
    </open-files>
</project-private>
